{"cached_at": "2026-03-23T09:19:22.510814", "key": "wb_SP.URB.TOTL.IN.ZS_2022", "value": {"United Arab Emirates": 85.5147347682487, "Argentina": 92.112838186126, "Australia": 87.3343268253813, "Austria": 68.998085127906, "Belgium": 87.489200269855, "Bahrain": 100, "Brazil": 87.349556243881, "Switzerland": 84.9206266284521, "Chile": 88.6395352768685, "China": 65.2176361083984, "Colombia": 78.0464633137335, "Czechia": 72.6967638379524, "Germany": 81.7867852780995, "Denmark": 88.3880239837703, "Egypt, Arab Rep.": 42.6325129008032, "Spain": 79.9548794567814, "Finland": 73.6967597835949, "France": 78.7591921123356, "United Kingdom": 83.0753982997505, "Greece": 78.5502190980809, "Indonesia": 57.4934704226599, "India": 34.7555673994206, "Ireland": 63.8920250215059, "Israel": 91.4979834273327, "Italy": 69.4839779766539, "Japan": 91.9776532428406, "Kenya": 31.4307820066946, "Cambodia": 40.374616187368, "Korea, Rep.": 81.1624941626873, "Kuwait": 100, "Morocco": 62.5118468550703, "Mexico": 79.199683215791, "Myanmar": 30.311095757938, "Malaysia": 75.9741357073003, "Nigeria": 61.3727650622225, "Netherlands": 94.9856177734136, "Norway": 82.9563661816034, "New Zealand": 83.8547305017812, "Oman": 80.0117053152301, "Peru": 84.3663554951194, "Philippines": 54.7902343568327, "Poland": 59.8315488048321, "Portugal": 61.1259255772782, "Qatar": 99.243997525719, "Saudi Arabia": 84.1349430023993, "Singapore": 100, "Sweden": 88.4038576504809, "Thailand": 59.742374420166, "Turkiye": 89.0381164550781, "Viet Nam": 37.5478515625, "South Africa": 63.4766699210327}}