{"cached_at": "2026-03-23T09:18:52.561269", "key": "wb_NY.GDP.PCAP.CD_2022", "value": {"United Arab Emirates": 50759.7589231191, "Argentina": 13962.1894087223, "Australia": 65169.5191118657, "Austria": 52336.7725223758, "Belgium": 50605.7496677086, "Bahrain": 30470.5219276023, "Brazil": 9281.33282136864, "Switzerland": 94394.5106803525, "Chile": 15405.6165774073, "China": 12970.6056414327, "Colombia": 6680.44506854481, "Czechia": 28282.2236715857, "Germany": 50506.5179638543, "Denmark": 67781.0940939514, "Egypt, Arab Rep.": 4233.30783744856, "Spain": 30319.4987196616, "Finland": 50440.560224974, "France": 40988.6396406579, "United Kingdom": 47057.043229179, "Greece": 20886.5243087629, "Indonesia": 4730.83484836107, "India": 2347.44829434623, "Ireland": 105190.685952731, "Israel": 54949.621556429, "Italy": 35653.9042103495, "Japan": 34065.6438962526, "Kenya": 2109.56288513137, "Cambodia": 2325.03050040841, "Korea, Rep.": 34822.4048404971, "Kuwait": 39981.7691035833, "Morocco": 3463.1376953125, "Mexico": 11405.7940473759, "Myanmar": 1158.05005055976, "Malaysia": 11754.5678336248, "Nigeria": 2899.16047470324, "Netherlands": 59123.318556487, "Norway": 109269.520580298, "New Zealand": 49099.7090423358, "Oman": 23223.5829405935, "Peru": 7350.63034300417, "Philippines": 3548.06930572116, "Poland": 18891.2121169279, "Portugal": 24620.5197587181, "Qatar": 88701.4689763536, "Saudi Arabia": 38510.2276211037, "Singapore": 90299.0694637269, "Sweden": 54836.8907235124, "Thailand": 6909.35281815827, "Turkiye": 10897.8397861365, "Viet Nam": 4147.69777213621, "South Africa": 6534.24867783397}}